Vuosi	Luku	Momentti	Nettokertymä
1998	11.01. Tulon ja varallisuuden perusteella kannettavat verot	11.01.01. Tulo- ja varallisuusvero	-9524791726,7031
1998	11.01. Tulon ja varallisuuden perusteella kannettavat verot	11.01.02. Korkotulojen lähdevero	-115480267,5181
1998	11.01. Tulon ja varallisuuden perusteella kannettavat verot	11.01.03. Perintö- ja lahjavero	-284097926,3555
1998	11.04. Liikevaihdon perusteella kannettavat verot ja maksut	11.04.01. Arvonlisävero	-8352236073,9415
1998	11.04. Liikevaihdon perusteella kannettavat verot ja maksut	11.04.02. Eräistä vakuutusmaksuista suoritettava vero	-293058032,5192
1998	11.04. Liikevaihdon perusteella kannettavat verot ja maksut	11.04.03. Apteekkivero	-75596691,8261
1998	11.08. Valmisteverot	11.08.01. Tupakkavero	-567882719,6995
1998	11.08. Valmisteverot	11.08.02. Makeisvero	-31215923,2744
1998	11.08. Valmisteverot	11.08.04. Alkoholijuomavero	-1208709427,8818
1998	11.08. Valmisteverot	11.08.05. Virvoitusjuomavero	-30062365,1311
1998	11.08. Valmisteverot	11.08.07. Energiaverot	-2574278589,5087
1998	11.10. Muut verot	11.10.01. Leimavero	-42806725,7158
1998	11.10. Muut verot	11.10.03. Autovero	-884554252,6385
1998	11.10. Muut verot	11.10.04. Moottoriajoneuvovero	-175220073,3873
1998	11.10. Muut verot	11.10.05. Varainsiirtovero	-426381133,0181
1998	11.10. Muut verot	11.10.06. Arpajaisvero	-72174006,1859
1998	11.10. Muut verot	11.10.07. Ajoneuvovero	-201547754,996
1998	11.10. Muut verot	11.10.08. Jätevero	-30685730,9364
1998	11.19. Muut veronluonteiset tulot	11.19.02. Lästimaksut	-668398,1615
1998	11.19. Muut veronluonteiset tulot	11.19.08. Öljyjätemaksu	-3415955,1056
1998	11.19. Muut veronluonteiset tulot	11.19.09. Muut verotulot	3060590,523
1999	11.01. Tulon ja varallisuuden perusteella kannettavat verot	11.01.01. Tulo- ja varallisuusvero	-10301653440,0352
1999	11.01. Tulon ja varallisuuden perusteella kannettavat verot	11.01.02. Korkotulojen lähdevero	-93600898,0596
1999	11.01. Tulon ja varallisuuden perusteella kannettavat verot	11.01.03. Perintö- ja lahjavero	-321292848,9001
1999	11.04. Liikevaihdon perusteella kannettavat verot ja maksut	11.04.01. Arvonlisävero	-8969246701,0639
1999	11.04. Liikevaihdon perusteella kannettavat verot ja maksut	11.04.02. Eräistä vakuutusmaksuista suoritettava vero	-311941053,4534
1999	11.04. Liikevaihdon perusteella kannettavat verot ja maksut	11.04.03. Apteekkivero	-79062636,7833
1999	11.08. Valmisteverot	11.08.01. Tupakkavero	-566289031,8127
1999	11.08. Valmisteverot	11.08.02. Makeisvero	-30789744,0148
1999	11.08. Valmisteverot	11.08.04. Alkoholijuomavero	-1253613249,9154
1999	11.08. Valmisteverot	11.08.05. Virvoitusjuomavero	-32557941,8338
1999	11.08. Valmisteverot	11.08.07. Energiaverot	-2651502862,7234
1999	11.10. Muut verot	11.10.01. Leimavero	11598830,3908
1999	11.10. Muut verot	11.10.03. Autovero	-1028536024,6227
1999	11.10. Muut verot	11.10.04. Moottoriajoneuvovero	-185210168,2364
1999	11.10. Muut verot	11.10.05. Varainsiirtovero	-434573151,9577
1999	11.10. Muut verot	11.10.06. Arpajaisvero	-75715835,1876
1999	11.10. Muut verot	11.10.07. Ajoneuvovero	-209449222,0821
1999	11.10. Muut verot	11.10.08. Jätevero	-34031237,8296
1999	11.19. Muut veronluonteiset tulot	11.19.02. Lästimaksut	-657991,8698
1999	11.19. Muut veronluonteiset tulot	11.19.08. Öljyjätemaksu	-3156978,7478
1999	11.19. Muut veronluonteiset tulot	11.19.09. Muut verotulot	8869024,7216
2000	11.01. Tulon ja varallisuuden perusteella kannettavat verot	11.01.01. Tulo- ja varallisuusvero	-13787971060,0111
2000	11.01. Tulon ja varallisuuden perusteella kannettavat verot	11.01.02. Korkotulojen lähdevero	-92222544,7742
2000	11.01. Tulon ja varallisuuden perusteella kannettavat verot	11.01.03. Perintö- ja lahjavero	-368373162,7134
2000	11.04. Liikevaihdon perusteella kannettavat verot ja maksut	11.04.01. Arvonlisävero	-9470090689,9777
2000	11.04. Liikevaihdon perusteella kannettavat verot ja maksut	11.04.02. Eräistä vakuutusmaksuista suoritettava vero	-337127508,104
2000	11.04. Liikevaihdon perusteella kannettavat verot ja maksut	11.04.03. Apteekkivero	-85144808,8343
2000	11.08. Valmisteverot	11.08.01. Tupakkavero	-575831049,5095
2000	11.08. Valmisteverot	11.08.04. Alkoholijuomavero	-1245470459,9601
2000	11.08. Valmisteverot	11.08.05. Virvoitusjuomavero	-31851827,7824
2000	11.08. Valmisteverot	11.08.07. Energiaverot	-2596046932,3362
2000	11.10. Muut verot	11.10.01. Leimavero	19904336,1471
2000	11.10. Muut verot	11.10.03. Autovero	-1058663813,875
2000	11.10. Muut verot	11.10.04. Moottoriajoneuvovero	-180703535,0139
2000	11.10. Muut verot	11.10.05. Varainsiirtovero	-415328468,0417
2000	11.10. Muut verot	11.10.06. Arpajaisvero	-79477817,7282
2000	11.10. Muut verot	11.10.07. Ajoneuvovero	-219662208,9415
2000	11.10. Muut verot	11.10.08. Jätevero	-33263431,7403
2000	11.19. Muut veronluonteiset tulot	11.19.02. Lästimaksut	-655021,5028
2000	11.19. Muut veronluonteiset tulot	11.19.08. Öljyjätemaksu	-3264944,0859
2000	11.19. Muut veronluonteiset tulot	11.19.09. Muut verotulot	9747923,6698
2001	11.01. Tulon ja varallisuuden perusteella kannettavat verot	11.01.01. Tulo- ja varallisuusvero	-12140212517,437
2001	11.01. Tulon ja varallisuuden perusteella kannettavat verot	11.01.02. Korkotulojen lähdevero	-217776792,8344
2001	11.01. Tulon ja varallisuuden perusteella kannettavat verot	11.01.03. Perintö- ja lahjavero	-384808985,2869
2001	11.04. Liikevaihdon perusteella kannettavat verot ja maksut	11.04.01. Arvonlisävero	-9776613198,4855
2001	11.04. Liikevaihdon perusteella kannettavat verot ja maksut	11.04.02. Eräistä vakuutusmaksuista suoritettava vero	-355337971,3778
2001	11.04. Liikevaihdon perusteella kannettavat verot ja maksut	11.04.03. Apteekkivero	-93250968,8566
2001	11.08. Valmisteverot	11.08.01. Tupakkavero	-597062923,6442
2001	11.08. Valmisteverot	11.08.04. Alkoholijuomavero	-1289940638,4077
2001	11.08. Valmisteverot	11.08.05. Virvoitusjuomavero	-33050610,9426
2001	11.08. Valmisteverot	11.08.07. Energiaverot	-2652312991,6764
2001	11.10. Muut verot	11.10.01. Leimavero	-2086201,1797
2001	11.10. Muut verot	11.10.03. Autovero	-922211548,525
2001	11.10. Muut verot	11.10.04. Moottoriajoneuvovero	-208470079,3646
2001	11.10. Muut verot	11.10.05. Varainsiirtovero	-340478041,5609
2001	11.10. Muut verot	11.10.06. Arpajaisvero	-91091500,6703
2001	11.10. Muut verot	11.10.07. Ajoneuvovero	-226766959,0328
2001	11.10. Muut verot	11.10.08. Jätevero	-31337287,2634
2001	11.19. Muut veronluonteiset tulot	11.19.02. Lästimaksut	-758780,671
2001	11.19. Muut veronluonteiset tulot	11.19.08. Öljyjätemaksu	-3115380,2813
2001	11.19. Muut veronluonteiset tulot	11.19.09. Muut verotulot	2111929,758
2002	11.01. Tulon ja varallisuuden perusteella kannettavat verot	11.01.01. Tulo- ja varallisuusvero	-12518738712,89
2002	11.01. Tulon ja varallisuuden perusteella kannettavat verot	11.01.02. Korkotulojen lähdevero	-267974880,32
2002	11.01. Tulon ja varallisuuden perusteella kannettavat verot	11.01.03. Perintö- ja lahjavero	-451590982,74
2002	11.04. Liikevaihdon perusteella kannettavat verot ja maksut	11.04.01. Arvonlisävero	-9755565953,18
2002	11.04. Liikevaihdon perusteella kannettavat verot ja maksut	11.04.02. Eräistä vakuutusmaksuista suoritettava vero	-373742564,83
2002	11.04. Liikevaihdon perusteella kannettavat verot ja maksut	11.04.03. Apteekkivero	-103086028,96
2002	11.08. Valmisteverot	11.08.01. Tupakkavero	-599964325,56
2002	11.08. Valmisteverot	11.08.04. Alkoholijuomavero	-1338238877,98
2002	11.08. Valmisteverot	11.08.05. Virvoitusjuomavero	-34800434,77
2002	11.08. Valmisteverot	11.08.07. Energiaverot	-2756404368,17
2002	11.10. Muut verot	11.10.01. Leimavero	-1487422,13
2002	11.10. Muut verot	11.10.03. Autovero	-1022855614,29
2002	11.10. Muut verot	11.10.04. Moottoriajoneuvovero	-218145702,93
2002	11.10. Muut verot	11.10.05. Varainsiirtovero	-338472150,58
2002	11.10. Muut verot	11.10.06. Arpajaisvero	-106510456,13
2002	11.10. Muut verot	11.10.07. Ajoneuvovero	-233217978,9
2002	11.10. Muut verot	11.10.08. Jätevero	-31838933,83
2002	11.19. Muut veronluonteiset tulot	11.19.02. Lästimaksut	-1033926,88
2002	11.19. Muut veronluonteiset tulot	11.19.08. Öljyjätemaksu	-3642154,38
2002	11.19. Muut veronluonteiset tulot	11.19.09. Muut verotulot	-584585,24
2003	11.01. Tulon ja varallisuuden perusteella kannettavat verot	11.01.01. Tulo- ja varallisuusvero	-11811901256,87
2003	11.01. Tulon ja varallisuuden perusteella kannettavat verot	11.01.02. Korkotulojen lähdevero	-216068569,27
2003	11.01. Tulon ja varallisuuden perusteella kannettavat verot	11.01.03. Perintö- ja lahjavero	-411290207,82
2003	11.04. Liikevaihdon perusteella kannettavat verot ja maksut	11.04.01. Arvonlisävero	-10264105058,12
2003	11.04. Liikevaihdon perusteella kannettavat verot ja maksut	11.04.02. Eräistä vakuutusmaksuista suoritettava vero	-396248130,06
2003	11.04. Liikevaihdon perusteella kannettavat verot ja maksut	11.04.03. Apteekkivero	-108237187,34
2003	11.08. Valmisteverot	11.08.01. Tupakkavero	-591953054,06
2003	11.08. Valmisteverot	11.08.04. Alkoholijuomavero	-1363526972,92
2003	11.08. Valmisteverot	11.08.05. Virvoitusjuomavero	-37475084,43
2003	11.08. Valmisteverot	11.08.07. Energiaverot	-2865449571,95
2003	11.10. Muut verot	11.10.03. Autovero	-1206651783,1
2003	11.10. Muut verot	11.10.04. Moottoriajoneuvovero	-230132991,01
2003	11.10. Muut verot	11.10.05. Varainsiirtovero	-336883844,19
2003	11.10. Muut verot	11.10.06. Arpajaisvero	-119759107,94
2003	11.10. Muut verot	11.10.07. Ajoneuvovero	-243259859,95
2003	11.10. Muut verot	11.10.08. Jätevero	-40952616,95
2003	11.19. Muut veronluonteiset tulot	11.19.02. Lästimaksut	-865041,12
2003	11.19. Muut veronluonteiset tulot	11.19.03. Ratavero	-12582841
2003	11.19. Muut veronluonteiset tulot	11.19.08. Öljyjätemaksu	-2793886,95
2003	11.19. Muut veronluonteiset tulot	11.19.09. Muut verotulot	-2619255,79
2004	11.01. Tulon ja varallisuuden perusteella kannettavat verot	11.01.01. Tulo- ja varallisuusvero	-12299906659,47
2004	11.01. Tulon ja varallisuuden perusteella kannettavat verot	11.01.02. Korkotulojen lähdevero	-170005875,8
2004	11.01. Tulon ja varallisuuden perusteella kannettavat verot	11.01.03. Perintö- ja lahjavero	-471552819,55
2004	11.04. Liikevaihdon perusteella kannettavat verot ja maksut	11.04.01. Arvonlisävero	-10605034367,53
2004	11.04. Liikevaihdon perusteella kannettavat verot ja maksut	11.04.02. Eräistä vakuutusmaksuista suoritettava vero	-428359909,09
2004	11.04. Liikevaihdon perusteella kannettavat verot ja maksut	11.04.03. Apteekkivero	-109500419,87
2004	11.08. Valmisteverot	11.08.01. Tupakkavero	-600495335,64
2004	11.08. Valmisteverot	11.08.04. Alkoholijuomavero	-1070784817,5
2004	11.08. Valmisteverot	11.08.05. Virvoitusjuomavero	-39127018,24
2004	11.08. Valmisteverot	11.08.07. Energiaverot	-2901202897,46
2004	11.10. Muut verot	11.10.03. Autovero	-1234906993,91
2004	11.10. Muut verot	11.10.05. Varainsiirtovero	-419327492,86
2004	11.10. Muut verot	11.10.06. Arpajaisvero	-126770144,54
2004	11.10. Muut verot	11.10.07. Ajoneuvovero	-641800562,28
2004	11.10. Muut verot	11.10.08. Jätevero	-42274142,49
2004	11.19. Muut veronluonteiset tulot	11.19.02. Lästimaksut	-857660,81
2004	11.19. Muut veronluonteiset tulot	11.19.03. Ratavero	-16306150
2004	11.19. Muut veronluonteiset tulot	11.19.04. Viestintämarkkinamaksu ja teleurakointimaksu	-2528135
2004	11.19. Muut veronluonteiset tulot	11.19.08. Öljyjätemaksu	-3401689,93
2004	11.19. Muut veronluonteiset tulot	11.19.09. Muut verotulot	-6457920,78
2005	11.01. Tulon ja varallisuuden perusteella kannettavat verot	11.01.01. Tulo- ja varallisuusvero	-12715302724,33
2005	11.01. Tulon ja varallisuuden perusteella kannettavat verot	11.01.02. Korkotulojen lähdevero	-163659361,58
2005	11.01. Tulon ja varallisuuden perusteella kannettavat verot	11.01.03. Perintö- ja lahjavero	-486143655,37
2005	11.04. Liikevaihdon perusteella kannettavat verot ja maksut	11.04.01. Arvonlisävero	-11280500290,9
2005	11.04. Liikevaihdon perusteella kannettavat verot ja maksut	11.04.02. Eräistä vakuutusmaksuista suoritettava vero	-464497499,69
2005	11.04. Liikevaihdon perusteella kannettavat verot ja maksut	11.04.03. Apteekkivero	-116018492,46
2005	11.08. Valmisteverot	11.08.01. Tupakkavero	-607173418,2
2005	11.08. Valmisteverot	11.08.04. Alkoholijuomavero	-972974697,77
2005	11.08. Valmisteverot	11.08.05. Virvoitusjuomavero	-35276429,61
2005	11.08. Valmisteverot	11.08.07. Energiaverot	-2885153356,62
2005	11.08. Valmisteverot	11.08.08. Juomapakkausten ympäristöohjaukseen liittyvä vero	-21685572,18
2005	11.10. Muut verot	11.10.03. Autovero	-1277064449,14
2005	11.10. Muut verot	11.10.05. Varainsiirtovero	-541946193,69
2005	11.10. Muut verot	11.10.06. Arpajaisvero	-125628235,24
2005	11.10. Muut verot	11.10.07. Ajoneuvovero	-536251180,22
2005	11.10. Muut verot	11.10.08. Jätevero	-53347151,18
2005	11.19. Muut veronluonteiset tulot	11.19.02. Lästimaksut	-603451,99
2005	11.19. Muut veronluonteiset tulot	11.19.03. Ratavero	-15450800
2005	11.19. Muut veronluonteiset tulot	11.19.04. Viestintämarkkinamaksu, teleurakointimaksu ja tietoturvamaksu	-3733930
2005	11.19. Muut veronluonteiset tulot	11.19.08. Öljyjätemaksu	-3185226,07
2005	11.19. Muut veronluonteiset tulot	11.19.09. Muut verotulot	-5029022,95
2006	11.01. Tulon ja varallisuuden perusteella kannettavat verot	11.01.01. Tulo- ja varallisuusvero	-12900601982,36
2006	11.01. Tulon ja varallisuuden perusteella kannettavat verot	11.01.02. Korkotulojen lähdevero	-175379954,69
2006	11.01. Tulon ja varallisuuden perusteella kannettavat verot	11.01.03. Perintö- ja lahjavero	-505447416,94
2006	11.04. Liikevaihdon perusteella kannettavat verot ja maksut	11.04.01. Arvonlisävero	-13149551301,91
2006	11.04. Liikevaihdon perusteella kannettavat verot ja maksut	11.04.02. Eräistä vakuutusmaksuista suoritettava vero	-486778758,97
2006	11.04. Liikevaihdon perusteella kannettavat verot ja maksut	11.04.03. Apteekkivero	-120218228,87
2006	11.08. Valmisteverot	11.08.01. Tupakkavero	-624790231,02
2006	11.08. Valmisteverot	11.08.04. Alkoholijuomavero	-991810386,73
2006	11.08. Valmisteverot	11.08.05. Virvoitusjuomavero	-35289873,3
2006	11.08. Valmisteverot	11.08.07. Energiaverot	-2946054574,8
2006	11.08. Valmisteverot	11.08.08. Juomapakkausten ympäristöohjaukseen liittyvä vero	-30542090,14
2006	11.10. Muut verot	11.10.03. Autovero	-1304304339,91
2006	11.10. Muut verot	11.10.05. Varainsiirtovero	-551282392,7
2006	11.10. Muut verot	11.10.06. Arpajaisvero	-129636013,89
2006	11.10. Muut verot	11.10.07. Ajoneuvovero	-567241967,96
2006	11.10. Muut verot	11.10.08. Jätevero	-55385652,12
2006	11.19. Muut veronluonteiset tulot	11.19.02. Lästimaksut	-749151,36
2006	11.19. Muut veronluonteiset tulot	11.19.03. Ratavero	-17602000
2006	11.19. Muut veronluonteiset tulot	11.19.04. Viestintämarkkinamaksu, teleurakointimaksu, tietoturvamaksu ja postitoiminnan valvontamaksu	-4540780
2006	11.19. Muut veronluonteiset tulot	11.19.05. Lentoliikenteen valvontamaksu	-6441117,32
2006	11.19. Muut veronluonteiset tulot	11.19.06. Väylämaksut	-81670505,07
2006	11.19. Muut veronluonteiset tulot	11.19.08. Öljyjätemaksu	-3220676,33
2006	11.19. Muut veronluonteiset tulot	11.19.09. Muut verotulot	-3119809,6
2007	11.01. Tulon ja varallisuuden perusteella kannettavat verot	11.01.01. Tulovero	-14360508445,07
2007	11.01. Tulon ja varallisuuden perusteella kannettavat verot	11.01.02. Korkotulojen lähdevero	-253586420,24
2007	11.01. Tulon ja varallisuuden perusteella kannettavat verot	11.01.03. Perintö- ja lahjavero	-458797023,16
2007	11.04. Liikevaihdon perusteella kannettavat verot ja maksut	11.04.01. Arvonlisävero	-13521403570,57
2007	11.04. Liikevaihdon perusteella kannettavat verot ja maksut	11.04.02. Eräistä vakuutusmaksuista suoritettava vero	-508641288,23
2007	11.04. Liikevaihdon perusteella kannettavat verot ja maksut	11.04.03. Apteekkivero	-111517803,19
2007	11.08. Valmisteverot	11.08.01. Tupakkavero	-624092531,63
2007	11.08. Valmisteverot	11.08.04. Alkoholijuomavero	-1014796847,65
2007	11.08. Valmisteverot	11.08.05. Virvoitusjuomavero	-35129216,75
2007	11.08. Valmisteverot	11.08.07. Energiaverot	-2937532727,77
2007	11.08. Valmisteverot	11.08.08. Eräiden juomapakkausten valmistevero	-40842339,9
2007	11.10. Muut verot	11.10.03. Autovero	-1216986871
2007	11.10. Muut verot	11.10.05. Varainsiirtovero	-699649752,49
2007	11.10. Muut verot	11.10.06. Arpajaisvero	-135182759,71
2007	11.10. Muut verot	11.10.07. Ajoneuvovero	-612018867,7
2007	11.10. Muut verot	11.10.08. Jätevero	-56172341,65
2007	11.19. Muut veronluonteiset tulot	11.19.02. Lästimaksut	-767065,36
2007	11.19. Muut veronluonteiset tulot	11.19.03. Ratavero	-17857200
2007	11.19. Muut veronluonteiset tulot	11.19.04. Viestintämarkkinamaksu, teleurakointimaksu, tietoturvamaksu ja postitoiminnan valvontamaksu	-3978639,2
2007	11.19. Muut veronluonteiset tulot	11.19.05. Lentoliikenteen valvontamaksu	-7001564
2007	11.19. Muut veronluonteiset tulot	11.19.06. Väylämaksut	-86069948,37
2007	11.19. Muut veronluonteiset tulot	11.19.08. Öljyjätemaksu	-4250665,34
2007	11.19. Muut veronluonteiset tulot	11.19.09. Muut verotulot	-3750853,17
2008	11.01. Tulon ja varallisuuden perusteella kannettavat verot	11.01.01. Tulovero	-13997987747,52
2008	11.01. Tulon ja varallisuuden perusteella kannettavat verot	11.01.02. Korkotulojen lähdevero	-431932172,26
2008	11.01. Tulon ja varallisuuden perusteella kannettavat verot	11.01.03. Perintö- ja lahjavero	-651415665,42
2008	11.04. Liikevaihdon perusteella kannettavat verot ja maksut	11.04.01. Arvonlisävero	-14048901686,77
2008	11.04. Liikevaihdon perusteella kannettavat verot ja maksut	11.04.02. Eräistä vakuutusmaksuista suoritettava vero	-535905108,47
2008	11.04. Liikevaihdon perusteella kannettavat verot ja maksut	11.04.03. Apteekkivero	-119427633,96
2008	11.08. Valmisteverot	11.08.01. Tupakkavero	-629519341,05
2008	11.08. Valmisteverot	11.08.04. Alkoholijuomavero	-1091509166,95
2008	11.08. Valmisteverot	11.08.05. Virvoitusjuomavero	-34657893,03
2008	11.08. Valmisteverot	11.08.07. Energiaverot	-3191728052,51
2008	11.08. Valmisteverot	11.08.08. Eräiden juomapakkausten valmistevero	-15121194,78
2008	11.10. Muut verot	11.10.03. Autovero	-1016005177,95
2008	11.10. Muut verot	11.10.05. Varainsiirtovero	-502957001,89
2008	11.10. Muut verot	11.10.06. Arpajaisvero	-137601660,94
2008	11.10. Muut verot	11.10.07. Ajoneuvovero	-636779886,47
2008	11.10. Muut verot	11.10.08. Jätevero	-52211451,94
2008	11.19. Muut veronluonteiset tulot	11.19.02. Lästimaksut	-887346,7
2008	11.19. Muut veronluonteiset tulot	11.19.03. Ratavero	-20533150
2008	11.19. Muut veronluonteiset tulot	11.19.04. Viestintämarkkinamaksu, teleurakointimaksu, tietoturvamaksu, postitoiminnan valvontamaksu ja televisio- ja radiotoiminnan valvontamaksu	-4416146,84
2008	11.19. Muut veronluonteiset tulot	11.19.05. Lentoliikenteen valvontamaksu	-6573598
2008	11.19. Muut veronluonteiset tulot	11.19.06. Väylämaksut	-79771226,79
2008	11.19. Muut veronluonteiset tulot	11.19.08. Öljyjätemaksu	-4457970,07
2008	11.19. Muut veronluonteiset tulot	11.19.09. Muut verotulot	-3174180,33
2009	11.01. Tulon ja varallisuuden perusteella kannettavat verot	11.01.01. Tulovero	-9395121318,11
2009	11.01. Tulon ja varallisuuden perusteella kannettavat verot	11.01.02. Korkotulojen lähdevero	-493232528,9
2009	11.01. Tulon ja varallisuuden perusteella kannettavat verot	11.01.03. Perintö- ja lahjavero	-439539010,91
2009	11.04. Liikevaihdon perusteella kannettavat verot ja maksut	11.04.01. Arvonlisävero	-13315890692,09
2009	11.04. Liikevaihdon perusteella kannettavat verot ja maksut	11.04.02. Eräistä vakuutusmaksuista suoritettava vero	-557354660,85
2009	11.04. Liikevaihdon perusteella kannettavat verot ja maksut	11.04.03. Apteekkivero	-128030055,06
2009	11.08. Valmisteverot	11.08.01. Tupakkavero	-688946734,5
2009	11.08. Valmisteverot	11.08.04. Alkoholijuomavero	-1206523429,39
2009	11.08. Valmisteverot	11.08.05. Virvoitusjuomavero	-35454402,85
2009	11.08. Valmisteverot	11.08.07. Energiaverot	-3148801439,85
2009	11.08. Valmisteverot	11.08.08. Eräiden juomapakkausten valmistevero	-11912031,93
2009	11.10. Muut verot	11.10.03. Autovero	-686898653,99
2009	11.10. Muut verot	11.10.05. Varainsiirtovero	-484183210,21
2009	11.10. Muut verot	11.10.06. Arpajaisvero	-139411121,08
2009	11.10. Muut verot	11.10.07. Ajoneuvovero	-654405308,11
2009	11.10. Muut verot	11.10.08. Jätevero	-45349686,7
2009	11.19. Muut veronluonteiset tulot	11.19.02. Lästimaksut	-786451,39
2009	11.19. Muut veronluonteiset tulot	11.19.03. Ratavero	-16998600
2009	11.19. Muut veronluonteiset tulot	11.19.04. Eräät viestinnän maksut	-5186884,38
2009	11.19. Muut veronluonteiset tulot	11.19.05. Lentoliikenteen valvontamaksu	-6677624,8
2009	11.19. Muut veronluonteiset tulot	11.19.06. Väylämaksut	-66468596,62
2009	11.19. Muut veronluonteiset tulot	11.19.08. Öljyjätemaksu	-3549012,65
2009	11.19. Muut veronluonteiset tulot	11.19.09. Muut verotulot	-2817435,75
2010	11.01. Tulon ja varallisuuden perusteella kannettavat verot	11.01.01. Ansio- ja pääomatuloverot	-6495559952,48
2010	11.01. Tulon ja varallisuuden perusteella kannettavat verot	11.01.02. Yhteisövero	-2972396818,79
2010	11.01. Tulon ja varallisuuden perusteella kannettavat verot	11.01.03. Korkotulojen lähdevero	-205459134,84
2010	11.01. Tulon ja varallisuuden perusteella kannettavat verot	11.01.04. Perintö- ja lahjavero	-387421383,91
2010	11.04. Liikevaihdon perusteella kannettavat verot ja maksut	11.04.01. Arvonlisävero	-13710451824,5
2010	11.04. Liikevaihdon perusteella kannettavat verot ja maksut	11.04.02. Eräistä vakuutusmaksuista suoritettava vero	-584258712,52
2010	11.04. Liikevaihdon perusteella kannettavat verot ja maksut	11.04.03. Apteekkivero	-121169900,99
2010	11.08. Valmisteverot	11.08.01. Tupakkavero	-698184718,04
2010	11.08. Valmisteverot	11.08.04. Alkoholijuomavero	-1284317664,99
2010	11.08. Valmisteverot	11.08.05. Virvoitusjuomavero	-37010257,12
2010	11.08. Valmisteverot	11.08.07. Energiaverot	-3252213010,55
2010	11.08. Valmisteverot	11.08.08. Eräiden juomapakkausten valmistevero	-12519806,6
2010	11.10. Muut verot	11.10.03. Autovero	-941127018,48
2010	11.10. Muut verot	11.10.05. Varainsiirtovero	-519549732,94
2010	11.10. Muut verot	11.10.06. Arpajaisvero	-144700271,49
2010	11.10. Muut verot	11.10.07. Ajoneuvovero	-691297980,82
2010	11.10. Muut verot	11.10.08. Jätevero	-41912103,3
2010	11.19. Muut veronluonteiset tulot	11.19.02. Lästimaksut	-848002,97
2010	11.19. Muut veronluonteiset tulot	11.19.03. Ratavero	-17956778,5
2010	11.19. Muut veronluonteiset tulot	11.19.04. Eräät viestinnän maksut	-6429058
2010	11.19. Muut veronluonteiset tulot	11.19.05. Lentoliikenteen valvontamaksu	-6120523
2010	11.19. Muut veronluonteiset tulot	11.19.06. Väylämaksut	-69017153,54
2010	11.19. Muut veronluonteiset tulot	11.19.08. Öljyjätemaksu	-3813250,96
2010	11.19. Muut veronluonteiset tulot	11.19.09. Muut verotulot	-2791681,94
2011	11.01. Tulon ja varallisuuden perusteella kannettavat verot	11.01.01. Ansio- ja pääomatuloverot	-7646046576,08
2011	11.01. Tulon ja varallisuuden perusteella kannettavat verot	11.01.02. Yhteisövero	-3374982270,96
2011	11.01. Tulon ja varallisuuden perusteella kannettavat verot	11.01.03. Korkotulojen lähdevero	-197778121,79
2011	11.01. Tulon ja varallisuuden perusteella kannettavat verot	11.01.04. Perintö- ja lahjavero	-394846607,26
2011	11.04. Liikevaihdon perusteella kannettavat verot ja maksut	11.04.01. Arvonlisävero	-15165975002,76
2011	11.04. Liikevaihdon perusteella kannettavat verot ja maksut	11.04.02. Eräistä vakuutusmaksuista suoritettava vero	-626229920,57
2011	11.04. Liikevaihdon perusteella kannettavat verot ja maksut	11.04.03. Apteekkivero	-142939265,04
2011	11.08. Valmisteverot	11.08.01. Tupakkavero	-739016278,21
2011	11.08. Valmisteverot	11.08.04. Alkoholijuomavero	-1281088512,21
2011	11.08. Valmisteverot	11.08.05. Makeisten, jäätelön ja virvoitusjuomien valmistevero	-133649597
2011	11.08. Valmisteverot	11.08.07. Energiaverot	-3880477632,83
2011	11.08. Valmisteverot	11.08.08. Eräiden juomapakkausten valmistevero	-15028747,95
2011	11.10. Muut verot	11.10.03. Autovero	-1067936916,55
2011	11.10. Muut verot	11.10.05. Varainsiirtovero	-544013171,44
2011	11.10. Muut verot	11.10.06. Arpajaisvero	-168726565,66
2011	11.10. Muut verot	11.10.07. Ajoneuvovero	-758955010,03
2011	11.10. Muut verot	11.10.08. Jätevero	-64083431,5
2011	11.19. Muut veronluonteiset tulot	11.19.02. Lästimaksut	-939369,51
2011	11.19. Muut veronluonteiset tulot	11.19.03. Ratavero	-17599822,5
2011	11.19. Muut veronluonteiset tulot	11.19.04. Eräät viestinnän maksut	-5693245
2011	11.19. Muut veronluonteiset tulot	11.19.05. Lentoliikenteen valvontamaksu	-7883297
2011	11.19. Muut veronluonteiset tulot	11.19.06. Väylämaksut	-75739797,13
2011	11.19. Muut veronluonteiset tulot	11.19.08. Öljyjätemaksu	-3736239,74
2011	11.19. Muut veronluonteiset tulot	11.19.09. Muut verotulot	-2503956,97
2012	11.01. Tulon ja varallisuuden perusteella kannettavat verot	11.01.01. Ansio- ja pääomatuloverot	-7868649745,22
2012	11.01. Tulon ja varallisuuden perusteella kannettavat verot	11.01.02. Yhteisövero	-2906278039,92
2012	11.01. Tulon ja varallisuuden perusteella kannettavat verot	11.01.03. Korkotulojen lähdevero	-236519349,69
2012	11.01. Tulon ja varallisuuden perusteella kannettavat verot	11.01.04. Perintö- ja lahjavero	-509241806,05
2012	11.04. Liikevaihdon perusteella kannettavat verot ja maksut	11.04.01. Arvonlisävero	-15814472343,89
2012	11.04. Liikevaihdon perusteella kannettavat verot ja maksut	11.04.02. Eräistä vakuutusmaksuista suoritettava vero	-660238975,6
2012	11.04. Liikevaihdon perusteella kannettavat verot ja maksut	11.04.03. Apteekkivero	-144041809,84
2012	11.08. Valmisteverot	11.08.01. Tupakkavero	-752167770,59
2012	11.08. Valmisteverot	11.08.04. Alkoholijuomavero	-1380817549,73
2012	11.08. Valmisteverot	11.08.05. Makeisten, jäätelön ja virvoitusjuomien valmistevero	-196671885,12
2012	11.08. Valmisteverot	11.08.07. Energiaverot	-4103436262,71
2012	11.08. Valmisteverot	11.08.08. Eräiden juomapakkausten valmistevero	-15403233,12
2012	11.10. Muut verot	11.10.03. Autovero	-1007227411,33
2012	11.10. Muut verot	11.10.05. Varainsiirtovero	-579667903,95
2012	11.10. Muut verot	11.10.06. Arpajaisvero	-207111073,5
2012	11.10. Muut verot	11.10.07. Ajoneuvovero	-758551840,05
2012	11.10. Muut verot	11.10.08. Jätevero	-56202500,08
2012	11.19. Muut veronluonteiset tulot	11.19.02. Lästimaksut	-970195,9
2012	11.19. Muut veronluonteiset tulot	11.19.03. Ratavero	-16282941,5
2012	11.19. Muut veronluonteiset tulot	11.19.04. Eräät viestinnän maksut	-6233610
2012	11.19. Muut veronluonteiset tulot	11.19.05. Lentoliikenteen valvontamaksu	-11100839,6
2012	11.19. Muut veronluonteiset tulot	11.19.06. Väylämaksut	-81374454,59
2012	11.19. Muut veronluonteiset tulot	11.19.08. Öljyjätemaksu	-3864990,23
2012	11.19. Muut veronluonteiset tulot	11.19.09. Muut verotulot	-4126522,68
2013	11.01. Tulon ja varallisuuden perusteella kannettavat verot	11.01.01. Ansio- ja pääomatuloverot	-7847885670,67
2013	11.01. Tulon ja varallisuuden perusteella kannettavat verot	11.01.02. Yhteisövero	-3227197688,4
2013	11.01. Tulon ja varallisuuden perusteella kannettavat verot	11.01.03. Korkotulojen lähdevero	-207005439,64
2013	11.01. Tulon ja varallisuuden perusteella kannettavat verot	11.01.04. Perintö- ja lahjavero	-646211639,26
2013	11.01. Tulon ja varallisuuden perusteella kannettavat verot	11.01.05. Pankkivero	-133784691,26
2013	11.04. Liikevaihdon perusteella kannettavat verot ja maksut	11.04.01. Arvonlisävero	-16433747647,27
2013	11.04. Liikevaihdon perusteella kannettavat verot ja maksut	11.04.02. Eräistä vakuutusmaksuista suoritettava vero	-712309259,21
2013	11.04. Liikevaihdon perusteella kannettavat verot ja maksut	11.04.03. Apteekkivero	-152213453,32
2013	11.08. Valmisteverot	11.08.01. Tupakkavero	-847761074,67
2013	11.08. Valmisteverot	11.08.04. Alkoholijuomavero	-1335524857,04
2013	11.08. Valmisteverot	11.08.05. Makeisten, jäätelön ja virvoitusjuomien valmistevero	-203570656,01
2013	11.08. Valmisteverot	11.08.07. Energiaverot	-4170712814,22
2013	11.08. Valmisteverot	11.08.08. Eräiden juomapakkausten valmistevero	-15110755,69
2013	11.10. Muut verot	11.10.03. Autovero	-932471557,52
2013	11.10. Muut verot	11.10.05. Varainsiirtovero	-586394997,56
2013	11.10. Muut verot	11.10.06. Arpajaisvero	-214951622
2013	11.10. Muut verot	11.10.07. Ajoneuvovero	-866179995,34
2013	11.10. Muut verot	11.10.08. Jätevero	-55887184,57
2013	11.19. Muut veronluonteiset tulot	11.19.02. Lästimaksut	-951021,85
2013	11.19. Muut veronluonteiset tulot	11.19.03. Ratavero	-18833293,25
2013	11.19. Muut veronluonteiset tulot	11.19.04. Eräät viestinnän maksut	-28378733
2013	11.19. Muut veronluonteiset tulot	11.19.05. Lentoliikenteen valvontamaksu	-11139304,8
2013	11.19. Muut veronluonteiset tulot	11.19.06. Väylämaksut	-81925966,52
2013	11.19. Muut veronluonteiset tulot	11.19.08. Öljyjätemaksu	-3813470,77
2013	11.19. Muut veronluonteiset tulot	11.19.09. Muut verotulot	-2970012,56
2013	11.19. Muut veronluonteiset tulot	11.19.10. Energiamarkkinaviraston valvontamaksu	-2840055,25
2014	11.01. Tulon ja varallisuuden perusteella kannettavat verot	11.01.01. Ansio- ja pääomatuloverot	-9117056165,44
2014	11.01. Tulon ja varallisuuden perusteella kannettavat verot	11.01.02. Yhteisövero	-2432758664,69
2014	11.01. Tulon ja varallisuuden perusteella kannettavat verot	11.01.03. Korkotulojen lähdevero	-141651894,2
2014	11.01. Tulon ja varallisuuden perusteella kannettavat verot	11.01.04. Perintö- ja lahjavero	-499060109,32
2014	11.01. Tulon ja varallisuuden perusteella kannettavat verot	11.01.05. Pankkivero	-137500277,98
2014	11.04. Liikevaihdon perusteella kannettavat verot ja maksut	11.04.01. Arvonlisävero	-16552721015,95
2014	11.04. Liikevaihdon perusteella kannettavat verot ja maksut	11.04.02. Eräistä vakuutusmaksuista suoritettava vero	-749584417,89
2014	11.04. Liikevaihdon perusteella kannettavat verot ja maksut	11.04.03. Apteekkivero	-156601052,04
2014	11.08. Valmisteverot	11.08.01. Tupakkavero	-785291869,56
2014	11.08. Valmisteverot	11.08.04. Alkoholijuomavero	-1393980835,47
2014	11.08. Valmisteverot	11.08.05. Makeisten, jäätelön ja virvoitusjuomien valmistevero	-256794269,34
2014	11.08. Valmisteverot	11.08.07. Energiaverot	-4112704122,53
2014	11.08. Valmisteverot	11.08.08. Eräiden juomapakkausten valmistevero	-14037332,05
2014	11.10. Muut verot	11.10.03. Autovero	-917993352,33
2014	11.10. Muut verot	11.10.05. Varainsiirtovero	-702163570,16
2014	11.10. Muut verot	11.10.06. Arpajaisvero	-218395165,39
2014	11.10. Muut verot	11.10.07. Ajoneuvovero	-877618781,19
2014	11.10. Muut verot	11.10.08. Jätevero	-43953564,4
2014	11.19. Muut veronluonteiset tulot	11.19.02. Lästimaksut	-1051028,13
2014	11.19. Muut veronluonteiset tulot	11.19.03. Ratavero	-18056787
2014	11.19. Muut veronluonteiset tulot	11.19.04. Eräät viestinnän maksut	-28203801,65
2014	11.19. Muut veronluonteiset tulot	11.19.05. Lentoliikenteen valvontamaksu	-11044952
2014	11.19. Muut veronluonteiset tulot	11.19.06. Väylämaksut	-87586895,76
2014	11.19. Muut veronluonteiset tulot	11.19.07. Katsastustoiminnan valvontamaksu	-4817175,5
2014	11.19. Muut veronluonteiset tulot	11.19.08. Öljyjätemaksu	-3429366,67
2014	11.19. Muut veronluonteiset tulot	11.19.09. Muut verotulot	-3441725,56
2014	11.19. Muut veronluonteiset tulot	11.19.10. Energiaviraston valvontamaksu ja Perämeren tuulivoima-alueella perittävä tuulivoimamaksu	-2865482,93
2015	11.01. Tulon ja varallisuuden perusteella kannettavat verot	11.01.01. Ansio- ja pääomatuloverot	-9094292379,31
2015	11.01. Tulon ja varallisuuden perusteella kannettavat verot	11.01.02. Yhteisövero	-2761280793,63
2015	11.01. Tulon ja varallisuuden perusteella kannettavat verot	11.01.03. Korkotulojen lähdevero	-110410026,47
2015	11.01. Tulon ja varallisuuden perusteella kannettavat verot	11.01.04. Perintö- ja lahjavero	-630918741,02
2015	11.04. Liikevaihdon perusteella kannettavat verot ja maksut	11.04.01. Arvonlisävero	-16628487805
2015	11.04. Liikevaihdon perusteella kannettavat verot ja maksut	11.04.02. Eräistä vakuutusmaksuista suoritettava vero	-776813222,66
2015	11.04. Liikevaihdon perusteella kannettavat verot ja maksut	11.04.03. Apteekkivero	-164417019,08
2015	11.08. Valmisteverot	11.08.01. Tupakkavero	-880851169,41
2015	11.08. Valmisteverot	11.08.04. Alkoholijuomavero	-1355743517,89
2015	11.08. Valmisteverot	11.08.05. Makeisten, jäätelön ja virvoitusjuomien valmistevero	-249896905,07
2015	11.08. Valmisteverot	11.08.07. Energiaverot	-4309116490,3
2015	11.08. Valmisteverot	11.08.08. Eräiden juomapakkausten valmistevero	-15127653,87
2015	11.10. Muut verot	11.10.03. Autovero	-884127174,11
2015	11.10. Muut verot	11.10.05. Varainsiirtovero	-783535938,89
2015	11.10. Muut verot	11.10.06. Arpajaisvero	-221178384,42
2015	11.10. Muut verot	11.10.07. Ajoneuvovero	-929984758,54
2015	11.10. Muut verot	11.10.08. Jätevero	-32363376,47
2015	11.19. Muut veronluonteiset tulot	11.19.03. Ratavero	-6170007,5
2015	11.19. Muut veronluonteiset tulot	11.19.04. Eräät viestinnän maksut	-28665475,9
2015	11.19. Muut veronluonteiset tulot	11.19.05. Lentoliikenteen valvontamaksu	-11450759,6
2015	11.19. Muut veronluonteiset tulot	11.19.06. Väylämaksut	-45381999,27
2015	11.19. Muut veronluonteiset tulot	11.19.07. Katsastustoiminnan valvontamaksu	-7751469
2015	11.19. Muut veronluonteiset tulot	11.19.08. Öljyjätemaksu	-3723833,62
2015	11.19. Muut veronluonteiset tulot	11.19.09. Muut verotulot	-3372231,91
2015	11.19. Muut veronluonteiset tulot	11.19.10. Sähkö- ja maakaasuverkkomaksut ja Perämeren tuulivoima-alueella perittävä tuulivoimamaksu	-2888545,64
2015	11.19. Muut veronluonteiset tulot	11.19.11. Rahoitusvakausviraston hallintomaksut	-2998446,68
2016	11.01. Tulon ja varallisuuden perusteella kannettavat verot	11.01.01. Ansio- ja pääomatuloverot	-9382215785,75
2016	11.01. Tulon ja varallisuuden perusteella kannettavat verot	11.01.02. Yhteisövero	-3267837072,17
2016	11.01. Tulon ja varallisuuden perusteella kannettavat verot	11.01.03. Korkotulojen lähdevero	-89095546,92
2016	11.01. Tulon ja varallisuuden perusteella kannettavat verot	11.01.04. Perintö- ja lahjavero	-522259778,54
2016	11.04. Liikevaihdon perusteella kannettavat verot ja maksut	11.04.01. Arvonlisävero	-17106964878,8
2016	11.04. Liikevaihdon perusteella kannettavat verot ja maksut	11.04.02. Eräistä vakuutusmaksuista suoritettava vero	-785056955,5
2016	11.04. Liikevaihdon perusteella kannettavat verot ja maksut	11.04.03. Apteekkivero	-172529561,19
2016	11.08. Valmisteverot	11.08.01. Tupakkavero	-974899332,47
2016	11.08. Valmisteverot	11.08.04. Alkoholijuomavero	-1354467561,5
2016	11.08. Valmisteverot	11.08.05. Makeisten, jäätelön ja virvoitusjuomien valmistevero	-254971351,32
2016	11.08. Valmisteverot	11.08.07. Energiaverot	-4594845293,84
2016	11.08. Valmisteverot	11.08.08. Eräiden juomapakkausten valmistevero	-15413456,94
2016	11.10. Muut verot	11.10.03. Autovero	-963541451,81
2016	11.10. Muut verot	11.10.05. Varainsiirtovero	-857627680,81
2016	11.10. Muut verot	11.10.06. Arpajaisvero	-228985933,21
2016	11.10. Muut verot	11.10.07. Ajoneuvovero	-1082962036,01
2016	11.10. Muut verot	11.10.08. Jätevero	-20624302,27
2016	11.19. Muut veronluonteiset tulot	11.19.03. Ratavero	-5499900
2016	11.19. Muut veronluonteiset tulot	11.19.04. Eräät viestinnän maksut	-28974409,37
2016	11.19. Muut veronluonteiset tulot	11.19.05. Eräät liikenteen maksut	-19573229,2
2016	11.19. Muut veronluonteiset tulot	11.19.06. Väylämaksut	-46335335,47
2016	11.19. Muut veronluonteiset tulot	11.19.08. Öljyjätemaksu	-3825097,42
2016	11.19. Muut veronluonteiset tulot	11.19.09. Muut verotulot	-5975404,69
2016	11.19. Muut veronluonteiset tulot	11.19.10. Sähkö- ja maakaasuverkkomaksut ja Perämeren tuulivoima-alueella perittävä tuulivoimamaksu	-3015391,26
2017	11.01. Tulon ja varallisuuden perusteella kannettavat verot	11.01.01. Ansio- ja pääomatuloverot	-9053746530,24
2017	11.01. Tulon ja varallisuuden perusteella kannettavat verot	11.01.02. Yhteisövero	-4237946868,59
2017	11.01. Tulon ja varallisuuden perusteella kannettavat verot	11.01.03. Korkotulojen lähdevero	-65542586,68
2017	11.01. Tulon ja varallisuuden perusteella kannettavat verot	11.01.04. Perintö- ja lahjavero	-909081701,52
2017	11.04. Liikevaihdon perusteella kannettavat verot ja maksut	11.04.01. Arvonlisävero	-17547147195,08
2017	11.04. Liikevaihdon perusteella kannettavat verot ja maksut	11.04.02. Eräistä vakuutusmaksuista suoritettava vero	-767635691,2
2017	11.04. Liikevaihdon perusteella kannettavat verot ja maksut	11.04.03. Apteekkivero	-180920772,73
2017	11.08. Valmisteverot	11.08.01. Tupakkavero	-953811216,97
2017	11.08. Valmisteverot	11.08.04. Alkoholijuomavero	-1337320080,85
2017	11.08. Valmisteverot	11.08.05. Virvoitusjuomavero	-150879023,14
2017	11.08. Valmisteverot	11.08.07. Energiaverot	-4590841600,32
2017	11.08. Valmisteverot	11.08.08. Eräiden juomapakkausten valmistevero	-15570329,8
2017	11.10. Muut verot	11.10.03. Autovero	-977138445,69
2017	11.10. Muut verot	11.10.05. Varainsiirtovero	-775097440,31
2017	11.10. Muut verot	11.10.06. Arpajaisvero	-227056867,96
2017	11.10. Muut verot	11.10.07. Ajoneuvovero	-1169155429,37
2017	11.10. Muut verot	11.10.08. Jätevero	-12143271,03
2017	11.19. Muut veronluonteiset tulot	11.19.03. Ratavero	-4771409,08
2017	11.19. Muut veronluonteiset tulot	11.19.04. Eräät viestinnän maksut	-42041944,46
2017	11.19. Muut veronluonteiset tulot	11.19.05. Eräät liikenteen maksut	-27830502,01
2017	11.19. Muut veronluonteiset tulot	11.19.06. Väylämaksut	-47366425,82
2017	11.19. Muut veronluonteiset tulot	11.19.08. Öljyjätemaksu	-3767615,56
2017	11.19. Muut veronluonteiset tulot	11.19.09. Muut verotulot	-4611230,29
2017	11.19. Muut veronluonteiset tulot	11.19.10. Sähkö- ja maakaasuverkkomaksut ja Perämeren tuulivoima-alueella perittävä tuulivoimamaksu	-3756600,66
2017	11.19. Muut veronluonteiset tulot	11.19.11. Rahoitusvakausviraston hallintomaksut	-2277876,25
2018	11.01. Tulon ja varallisuuden perusteella kannettavat verot	11.01.01. Ansio- ja pääomatuloverot	-9701120659,15
2018	11.01. Tulon ja varallisuuden perusteella kannettavat verot	11.01.02. Yhteisövero	-4077751992,74
2018	11.01. Tulon ja varallisuuden perusteella kannettavat verot	11.01.03. Korkotulojen lähdevero	-46217276,34
2018	11.01. Tulon ja varallisuuden perusteella kannettavat verot	11.01.04. Perintö- ja lahjavero	-692262962,52
2018	11.04. Liikevaihdon perusteella kannettavat verot ja maksut	11.04.01. Arvonlisävero	-18082248957,84
2018	11.04. Liikevaihdon perusteella kannettavat verot ja maksut	11.04.02. Eräistä vakuutusmaksuista suoritettava vero	-771420300,62
2018	11.04. Liikevaihdon perusteella kannettavat verot ja maksut	11.04.03. Apteekkivero	-179887851,32
2018	11.08. Valmisteverot	11.08.01. Tupakkavero	-1115321747,1
2018	11.08. Valmisteverot	11.08.04. Alkoholijuomavero	-1471675210,78
2018	11.08. Valmisteverot	11.08.05. Virvoitusjuomavero	-154620048,02
2018	11.08. Valmisteverot	11.08.07. Energiaverot	-4657195954,19
2018	11.08. Valmisteverot	11.08.08. Eräiden juomapakkausten valmistevero	-15695899,17
2018	11.10. Muut verot	11.10.03. Autovero	-1001100778,35
2018	11.10. Muut verot	11.10.05. Varainsiirtovero	-844246446,54
2018	11.10. Muut verot	11.10.06. Arpajaisvero	-226334314,45
2018	11.10. Muut verot	11.10.07. Ajoneuvovero	-1192535984,27
2018	11.10. Muut verot	11.10.08. Jätevero	-6933987,37
2018	11.19. Muut veronluonteiset tulot	11.19.03. Ratavero	-4486357,69
2018	11.19. Muut veronluonteiset tulot	11.19.04. Eräät viestinnän maksut	-36822636,23
2018	11.19. Muut veronluonteiset tulot	11.19.05. Eräät liikenteen maksut	-28321473,73
2018	11.19. Muut veronluonteiset tulot	11.19.06. Väylämaksut	-49077803,14
2018	11.19. Muut veronluonteiset tulot	11.19.08. Öljyjätemaksu	-3675411,35
2018	11.19. Muut veronluonteiset tulot	11.19.09. Muut verotulot	-6872888,54
2018	11.19. Muut veronluonteiset tulot	11.19.10. Sähkö- ja maakaasuverkkomaksut ja Perämeren tuulivoima-alueella perittävä tuulivoimamaksu	-4084583,99
2018	11.19. Muut veronluonteiset tulot	11.19.11. Rahoitusvakausviraston hallintomaksut	-2708008
2019	11.01. Tulon ja varallisuuden perusteella kannettavat verot	11.01.01. Ansio- ja pääomatuloverot	-2540127135,45
2019	11.01. Tulon ja varallisuuden perusteella kannettavat verot	11.01.02. Yhteisövero	-1094079285,16
2019	11.01. Tulon ja varallisuuden perusteella kannettavat verot	11.01.03. Korkotulojen lähdevero	-24289880,45
2019	11.01. Tulon ja varallisuuden perusteella kannettavat verot	11.01.04. Perintö- ja lahjavero	-188024335,77
2019	11.04. Liikevaihdon perusteella kannettavat verot ja maksut	11.04.01. Arvonlisävero	-5158912817,46
2019	11.04. Liikevaihdon perusteella kannettavat verot ja maksut	11.04.02. Eräistä vakuutusmaksuista suoritettava vero	-235370434,49
2019	11.04. Liikevaihdon perusteella kannettavat verot ja maksut	11.04.03. Apteekkivero	-182630061,89
2019	11.08. Valmisteverot	11.08.01. Tupakkavero	-559501027,26
2019	11.08. Valmisteverot	11.08.04. Alkoholijuomavero	-335572045,95
2019	11.08. Valmisteverot	11.08.05. Virvoitusjuomavero	-38619995,41
2019	11.08. Valmisteverot	11.08.07. Energiaverot	-1241459602,1
2019	11.08. Valmisteverot	11.08.08. Eräiden juomapakkausten valmistevero	-3373068,83
2019	11.10. Muut verot	11.10.03. Autovero	-228190644,31
2019	11.10. Muut verot	11.10.05. Varainsiirtovero	-224430952,61
2019	11.10. Muut verot	11.10.06. Arpajaisvero	-60271519,29
2019	11.10. Muut verot	11.10.07. Ajoneuvovero	-274066244,83
2019	11.10. Muut verot	11.10.08. Jätevero	-387471,59
2019	11.19. Muut veronluonteiset tulot	11.19.04. Eräät viestinnän maksut	-14611538,84
2019	11.19. Muut veronluonteiset tulot	11.19.05. Eräät liikenteen maksut	-4911206,4
2019	11.19. Muut veronluonteiset tulot	11.19.06. Väylämaksut	-19999675,78
2019	11.19. Muut veronluonteiset tulot	11.19.08. Öljyjätemaksu	-849497,04
2019	11.19. Muut veronluonteiset tulot	11.19.09. Muut verotulot	-736076,41
